{"main":"american-flights-api.raml","name":"American Flights API","classifier":"raml","tags":[],"dependencies":[{"groupId":"68ef9520-24e9-4cf2-b2f5-620025690913","assetId":"training-american-flight-data-type","version":"1.0.1"},{"groupId":"68ef9520-24e9-4cf2-b2f5-620025690913","assetId":"training-american-flights-example","version":"1.0.1"}],"groupId":"8c667427-653e-4a54-a57c-b52b0c74d2ec","assetId":"american-flights-api","version":"1.0.2","apiVersion":"v1","originalFormatVersion":"1.0","metadata":{"projectId":"654a4e16-86de-4827-8f88-08d637f594c3","branchId":"master","commitId":"fdde770d53e96e35f27a4fe04ee014ead3c445da"}}